title,videoId,viewCount,likeCount,dislikeCount,commentCount,favoriteCount
Google Keynote (Google I/O ‚Äò21) - American Sign Language,Mlk888FiI8A,1152897,19887,1219,0,0
Inside Google&#39;s Massive Headquarters,Z-pT0XDYvDM,1473527,23419,481,1292,0
A few things to know from Google I/O 2021 in under 9 minutes.,L7c4wS7T_T8,910965,43610,797,1545,0
GOO GOO GAGA PRETEND PLAY SHOPPING AT TARGET! Learn to Healthy Foods,F95wcsJAz0c,246284417,564154,244598,0,0
El Chombo - Dame Tu Cosita feat. Cutty Ranks (Official Video) [Ultra Music],FzG4uDgje3M,3358462483,13255595,4498077,619987,0
360¬∞ Google Dinosaur - T-REX in VR [4K] Video,IwUZrxaX1A0,13030020,128241,14134,3776,0
Google&#39;s entire 2021 reveal event in 10 minutes (I/O supercut),4X8geTY7Y3M,151833,3272,172,326,0
Google ‚Äî Year in Search 2020,rokGy0huYEA,240862572,252209,31306,17978,0
How Google Search Works (in 5 minutes),0eKVizvYSUQ,18933944,115248,5989,5307,0
If Google Was A Guy (Full Series),Cxqca4RQd_M,25396158,792114,11478,33105,0
Google interns&#39; first week,9No-FiEInLA,11820506,121327,9763,7987,0
Inside a Google data center,XZmGGAbHqa0,18764037,191744,7944,8557,0
Google I/O 2021 Reveal Event: CNET Watch Party,JmcGps687ME,101295,1410,87,40,0
Weird Things Spotted On Google Maps,y-3hStQR1Z8,710671,16223,268,1907,0
Google Áõ∏Á∞ø‰∏çÂÜçÂÖçË≤ªÔºüÊ≤íÈóú‰øÇÊàë‰πüÊòØÔºåÊïô‰Ω†‰∫îÊãõÊõø‰ª£ÊñπÊ°àÔºöGoogle One„ÄÅOneDrive„ÄÅNAS„ÄÅMEGA„ÄÅLINE Áõ∏Á∞ø,Hkp2qpyfFCM,1143,125,4,39,0
Google&#39;s New OS Is HERE!,JJ1rIffXKGo,150467,4663,191,346,0
Google My Bulbul | Funny Google Song | Krsna Solo | English Search Engine Song | Funzoa Funny Videos,p0ysH2Glw5w,18412297,271513,14533,26756,0
Talking Tech and AI with Google CEO Sundar Pichai!,n2RNcPRtAiY,2218701,143165,2059,8790,0
www.google.com search,e4con87R_Dk,7675005,5826,1572,652,0
–ù–∞—Å—Ç—è –∏ –ø–∞–ø–∞ - –∑–∞–≥–∞–¥–æ—á–Ω—ã–π —á–µ–ª–ª–µ–Ω–¥–∂ –≤ –¥–æ–º–µ,2mpADQq4fQw,355796841,1266380,635609,0,0
Google Pixel 6 Design Reaction...,T6ukX7s_17U,76223,1938,95,261,0
10 Trucos de Google que debes probar ¬°YA! üßëüèª‚Äçüíª #5,A2YWbKRPgxY,577832,74232,737,3364,0
Baby Monkey Google want Bath with Monkey Too Cry Call To Monkey Too Bath,6hw1zsx6464,2462399,10469,2881,149,0
GOOGLE PIXEL 6 - Here It Is!,taQaDxT6PHs,43339,1179,63,157,0
